Name,Address,City,Phone,Email,Website
Loft 109 Barber Studio,153 North Ave NE,"Atlanta, GA 30308",(404) 815-8182,,http://loft109cuts.com
Playmakers,270 Ponce De Leon Ave NE,"Atlanta, GA 30308",(404) 249-7170,,https://www.playmakers.com
Detail Cutz,724 Monroe Dr NE,"Atlanta, GA 30308",(404) 940-6774,,https://www.detailcutzllc.com
The Barber Doll House,620 Glen Iris Dr NE Unit 110,"Atlanta, GA 30308",(678) 650-8630,,http://www.thebarberdollhouse.com
Rudy's Barbershop,650 N Ave NE,"Atlanta, GA 30308",(404) 947-4949,,https://rudysbarbershop.com/blogs/locations/ponce-city-market-atlanta-barbershop
Great Clips,74 5th St NW,"Atlanta, GA 30308",(404) 881-8200,,https://salons.greatclips.com/us/ga/atlanta/74-5th-st-nw
Supercuts,235 Ponce De Leon Ave NE,"Atlanta, GA 30308",(404) 377-2020,,http://www.super8.com
Plaza Hair,600 Peachtree St NE,"Atlanta, GA 30308",(404) 892-3103,,http://www.plazahair.com
Atlanta Barber Salon,493 Peachtree St NE,"Atlanta, GA 30308",(678) 754-0621,,http://kingsharperimages.com
Axiom Cutler Salon,931 Monroe Dr NE Ste C208,"Atlanta, GA 30308",(404) 876-0080,,https://axiomhaircuts.com
Diva Extensions Serving The Atlanta Area,,"Atlanta, GA 30308",(678) 999-4646,,http://www.divaextensions.com
Sweet Samba,884 Monroe Dr NE,"Atlanta, GA 30308",(404) 347-5211,,http://www.sweetsamba.com
Nail Dynasty,759 W Peachtree St NE Ste 103,"Atlanta, GA 30308",(404) 898-0480,,http://www.naildynasty.com
Oribe,305 6th St NE,"Atlanta, GA 30308",(404) 607-9757,,http://www.oribe.com
Attitudes By Moe Hair Studio,728 Monroe Dr NE,"Atlanta, GA 30308",(404) 541-1221,,http://attitudesbymoe.com
