Name,Address,City,State,Zipcode,Phone,Email,Rating
Alba Hair Design,2252 Van Ness Ave,"San Francisco, CA 94109",(415) 775-4972,,
Bruno Hair Design,597 Castro St,"San Francisco, CA 94114",(415) 621-7710,,http://brunoschools.com
Face To Face Hair Design,157 W Portal Ave,"San Francisco, CA 94127",(415) 566-2806,,
Unlimited Hair Care,2403 Ocean Ave,"San Francisco, CA 94127",(415) 648-6626,,https://www.yelp.com/biz/unlimited-hair-care-san-francisco
Andy For Hair,326 Jackson St,"San Francisco, CA 94111",(415) 576-1255,,
SCK Salon,1109 Taraval St,"San Francisco, CA 94116",(415) 564-5275,,http://sck-salon.pl
Westside Cuts & Style,1019 Divisadero St,"San Francisco, CA 94115",(415) 673-8667,,
Joe's Barber Shop,2150 Market St,"San Francisco, CA 94114",(415) 255-9096,,http://www.joesbarbershop.com
Ahmet's Barber & Hair Styling,201 Sacramento St,"San Francisco, CA 94111",(415) 788-1919,,
FSC Barber,696 Valencia St,"San Francisco, CA 94110",(415) 621-9000,,https://www.fellowbarber.com/pages/sf-locations
Metropolitan Barber Shop,1018 Bush St,"San Francisco, CA 94109",(415) 580-7265,,http://www.metropolitanbarbershop.com
Style by J sf  @VIANGE HAIR,11 Tillman pl 3rd floor,"san francisco, CA 94108",(415) 956-4667,,
Glenn Gustafik Hairstyling,211 Sutter St Ste 702,"San Francisco, CA 94108",(415) 971-4571,,
Babylon Beauty Salon,5842 Geary Blvd,"San Francisco, CA 94121",(415) 876-4644,,
The Castro Barber Lounge,2265 Market St,"San Francisco, CA 94114",(415) 678-5942,,https://www.thecastrobarberlounge.com
The Requisite Barber,595 Potrero Ave,"San Francisco, CA 94110",(415) 864-4345,,http://www.therequisitebarber.com
Smoodyblends,3175 Mission St,"San Francisco, CA 94110",(415) 361-3006,,https://www.smoodyblends.com
The Barberhood,3248 Scott St,"San Francisco, CA 94123",(415) 404-2744,,https://www.thebarberhood.com
Abe Barber Shop,953 Mission St,"San Francisco, CA 94103",(415) 341-1047,,
Frank D Hair Designs For Men & Women,323 Geary St,"San Francisco, CA 94102",(415) 788-9153,,http://americlas.com
Modern Hair Cut,2359 Mission St,"San Francisco, CA 94110",(415) 648-4220,,http://www.dca.ca.gov/barber
D Jurdjura Barber Salon,878 Bush St,"San Francisco, CA 94108",(415) 400-5206,,
Tao Barber Salon,595 Potrero Ave,"San Francisco, CA 94110",(415) 864-4345,,
Eureka Barber Shop & Hairstyling,4222 18th St,"San Francisco, CA 94114",(415) 255-1430,,http://eurekabarbershop.com
Michael Roberts Haircutters,4111 19th St,"San Francisco, CA 94114",(415) 861-1770,,http://www.barbercosmo.ca.gov
Special Haircut,2991 Mission St,"San Francisco, CA 94110",(415) 282-7556,,
Eddie's Hairstyling,1 Maritime Plz,"San Francisco, CA 94111",(415) 781-6864,,https://www.cushmanwakefield.com/en/united-states
Kim's Precision Haircuts,554 Columbus Ave,"San Francisco, CA 94133",(415) 362-0566,,
Marina Hair Salon,3224 Scott St,"San Francisco, CA 94123",(415) 928-1312,,
Buzbiz,1758 Church St,"San Francisco, CA 94131",(415) 821-6128,,
Bruno Hair Design,,,,,
Mission Barber Shop,31897 Del Obispo St Ste 110,"San Juan Capistrano, CA 92675",(949) 493-8400,,
The Senor Barbers,31901 Camino Capistrano Ste 3,"San Juan Capistrano, CA 92675",(949) 248-4577,,http://thesenorbarber.com
Hair of the Dog Barbershop & Bar,31786 Camino Capistrano,"San Juan Capistrano, CA 92675",(949) 488-8254,,https://m.facebook.com/pages/hair-of-the-dog-barbershop-bar/147501341961833
Sport Clips Haircuts of Laguna Niguel - Ocean Ranch,32391 Golden Lantern,"Laguna Niguel, CA 92677",(949) 503-2551,,https://www.haircutmenlagunanigueloceanranchca.com
Southwest Barbers,31897 Del Obispo Suite 110,"San Juan Capistrano, CA 92675",(949) 493-3152,,
Senor Barbers at Marbella,31105 Rancho Viejo Rd,"San Juan Capistrano, CA 92675",(949) 218-5276,,
Hammer & Nails Grooming Shop for Guys,32411 Golden Lantern Ste H,"Laguna Niguel, CA 92677",(949) 340-3559,,https://hammerandnailsgrooming.com/locations/laguna-niguel-ocean-ranch-ca
Kids Cuts & Curls Inc,31105 Rancho Viejo Rd,"San Juan Capistrano, CA 92675",(949) 496-3122,,
Silver Shear,32231 Camino Capistrano,"San Juan Capistrano, CA 92675",(949) 493-4069,,
Unique Hair Creations By Chris,32241 Camino Capistrano,"San Juan Capistrano, CA 92675",(714) 380-2516,,
Fantastic Sams,30231 Street Of The Golden Lantern,"Laguna Niguel, CA 92677",(949) 495-7678,,
Hammer & Nails - Ocean Ranch,32411 Golden Lantern Ste H,"Laguna Niguel, CA 92677",(949) 340-3559,,https://hammerandnailsgrooming.com/locations/laguna-niguel-ocean-ranch-ca
Great Clips,31876 Del Obispo St Ste 7,"San Juan Capistrano, CA 92675",(949) 381-0515,,http://www.greatclips.com
Supercuts,30231 Golden Lantern Ste C,"Laguna Niguel, CA 92677",(949) 249-6690,,http://www.supercuts.com
Extreme Haircut,32158 Camino Capistrano,"San Juan Capistrano, CA 92675",(949) 940-8913,,https://www.facebook.com/Extreme-haircuts-723599284412922/?fref=ts
Parks Salon,30301 Golden Lantern,"Laguna Niguel, CA 92677",(949) 495-5559,,
Taylor-Hill-Salon,31770 Camino Capistrano,"San Juan Capistrano, CA 92675",(949) 496-0600,,
Charisma Beauty Salon Supplies and Permanent Make-Up,32301 Camino Capistrano Ste F,"San Juan Capistrano, CA 92675",(949) 240-1200,,
Renu Facial And Body Aesthetics,30240 Rancho Viejo Rd,"San Juan Capistrano, CA 92675",(949) 487-3200,,
Salon Soleil,31105 Rancho Viejo Rd Ste C12,"San Juan Capistrano, CA 92675",(949) 481-2927,,
Spoolies Inc,31103 Rancho Viejo Rd,"San Juan Capistrano, CA 92675",(844) 776-6543,,http://www.spoolies.com
Salon Studio W,31831 Camino Capistrano Ste 201,"San Juan Capistrano, CA 92675",(949) 218-2900,,http://www.wsalonstudio.com
Curtis Michaels Hair Salon,31882 Del Obispo St,"San Juan Capistrano, CA 92675",(949) 240-9240,,http://www.curtismichaels.com
Hair by Charlotte,31952 Camino Capistrano,"San Juan Capistrano, CA 92675",(949) 272-6869,,
The Hair Station,31661 Camino Capistrano Ste 205,"San Juan Capistrano, CA 92675",(949) 661-3251,,http://www.facebook.com/thehairstationsjc
London Hair Studio & Academy,31952 Camino Capistrano,"San Juan Capistrano, CA 92675",(949) 248-3726,,http://www.sjchair.com/contact.cfm
Lorrie Herrera at Hair at Salon Sage SJC,31654 Rancho Viejo Rd,"San Juan Capistrano, CA 92675",(949) 338-3946,,
Vincent Michael Salon,32272 Camino Capistrano Ste B,"San Juan Capistrano, CA 92675",(949) 481-6577,,http://www.vincentmichaelsalon.com
Hair by Rhonda at Friends Salon,32382 Del Obispo St Ste C-4,"San Juan Capistrano, CA 92675",(949) 701-5666,,
The Sugar Shack,32272 Camino Capistrano,"San Juan Capistrano, CA 92675",(949) 500-4863,,http://www.sugarshacksalon.com
Julian Hans Hair Salon,,,,,
Mission Barber Shop,,,,,
